[
    {
        "COD.":"020",
        "SUBCATEGORIA":"AGENCIA",
        "NOMBRE DE LA AGENCIA":"PORTETE",
        "CATEGORIA":"OFICINA",
        "REGI\u00d3N":"CENTRO",
        "CANT\u00d3N":"GUAYAQUIL",
        "PROVINCIA":"GUAYAS",
        "RIESGO":"ALTO",
        "LAT":"-",
        "LON":"-2.19942037199869."
    },
    {
        "COD.":"062",
        "SUBCATEGORIA":"AGENCIA\/AUTOBANCO",
        "NOMBRE DE LA AGENCIA":"DUR\u00c1N",
        "CATEGORIA":"OFICINA",
        "REGI\u00d3N":"CENTRO",
        "CANT\u00d3N":"DURAN",
        "PROVINCIA":"GUAYAS",
        "RIESGO":"ALTO",
        "LAT":"-",
        "LON":"-2.16821053862292."
    },
    {
        "COD.":"041",
        "SUBCATEGORIA":"AGENCIA",
        "NOMBRE DE LA AGENCIA":"BAH\u00cdA",
        "CATEGORIA":"OFICINA",
        "REGI\u00d3N":"CENTRO",
        "CANT\u00d3N":"GUAYAQUIL",
        "PROVINCIA":"GUAYAS",
        "RIESGO":"ALTO",
        "LAT":"-",
        "LON":"-2.19976226469641."
    },
    {
        "COD.":"072",
        "SUBCATEGORIA":"AGENCIA",
        "NOMBRE DE LA AGENCIA":"PARQUE CALIFORNIA",
        "CATEGORIA":"OFICINA",
        "REGI\u00d3N":"CENTRO",
        "CANT\u00d3N":"GUAYAQUIL",
        "PROVINCIA":"GUAYAS",
        "RIESGO":"ALTO",
        "LAT":"-",
        "LON":"-2.10044333429929."
    },
    {
        "COD.":"171",
        "SUBCATEGORIA":"SUCURSAL",
        "NOMBRE DE LA AGENCIA":"EL COCA",
        "CATEGORIA":"OFICINA",
        "REGI\u00d3N":"NORTE",
        "CANT\u00d3N":"ORELLANA",
        "PROVINCIA":"ORELLANA",
        "RIESGO":"ALTO",
        "LAT":"-",
        "LON":"-0.471486151218414."
    },
    {
        "COD.":"033",
        "SUBCATEGORIA":"SUCURSAL",
        "NOMBRE DE LA AGENCIA":"ESMERALDAS",
        "CATEGORIA":"OFICINA",
        "REGI\u00d3N":"NORTE",
        "CANT\u00d3N":"ESMERALDAS",
        "PROVINCIA":"ESMERALDAS",
        "RIESGO":"ALTO",
        "LAT":"-0.965447926291338.",
        "LON":"-79.6520699262606"
    },
    {
        "COD.":"011",
        "SUBCATEGORIA":"SUCURSAL",
        "NOMBRE DE LA AGENCIA":"BABAHOYO",
        "CATEGORIA":"OFICINA",
        "REGI\u00d3N":"CENTRO",
        "CANT\u00d3N":"BABAHOYO",
        "PROVINCIA":"LOS RIOS",
        "RIESGO":"ALTO",
        "LAT":"-",
        "LON":"-1.7976938274885."
    },
    {
        "COD.":"026",
        "SUBCATEGORIA":"AGENCIA",
        "NOMBRE DE LA AGENCIA":"PARKENOR",
        "CATEGORIA":"OFICINA",
        "REGI\u00d3N":"NORTE",
        "CANT\u00d3N":"QUITO",
        "PROVINCIA":"PICHINCHA",
        "RIESGO":"ALTO",
        "LAT":"-",
        "LON":"-0.11025463119955434."
    },
    {
        "COD.":"048",
        "SUBCATEGORIA":"AGENCIA",
        "NOMBRE DE LA AGENCIA":"6 DE DICIEMBRE",
        "CATEGORIA":"OFICINA",
        "REGI\u00d3N":"NORTE",
        "CANT\u00d3N":"QUITO",
        "PROVINCIA":"PICHINCHA",
        "RIESGO":"ALTO",
        "LAT":"-",
        "LON":"-0.141939782258441."
    },
    {
        "COD.":"018",
        "SUBCATEGORIA":"AGENCIA",
        "NOMBRE DE LA AGENCIA":"DAULE",
        "CATEGORIA":"OFICINA",
        "REGI\u00d3N":"CENTRO",
        "CANT\u00d3N":"DAULE",
        "PROVINCIA":"GUAYAS",
        "RIESGO":"ALTO",
        "LAT":"-",
        "LON":"-1.86331452959268."
    },
    {
        "COD.":"043",
        "SUBCATEGORIA":"AGENCIA",
        "NOMBRE DE LA AGENCIA":"EL TRIUNFO",
        "CATEGORIA":"OFICINA",
        "REGI\u00d3N":"CENTRO",
        "CANT\u00d3N":"EL TRIUNFO",
        "PROVINCIA":"GUAYAS",
        "RIESGO":"ALTO",
        "LAT":"-",
        "LON":"-2.32970162659284."
    },
    {
        "COD.":"147",
        "SUBCATEGORIA":"AGENCIA",
        "NOMBRE DE LA AGENCIA":"CITY MALL",
        "CATEGORIA":"OFICINA",
        "REGI\u00d3N":"CENTRO",
        "CANT\u00d3N":"GUAYAQUIL",
        "PROVINCIA":"GUAYAS",
        "RIESGO":"ALTO",
        "LAT":"-",
        "LON":"-2.14000964164733."
    },
    {
        "COD.":"010",
        "SUBCATEGORIA":"SUCURSAL",
        "NOMBRE DE LA AGENCIA":"QUEVEDO",
        "CATEGORIA":"OFICINA",
        "REGI\u00d3N":"CENTRO",
        "CANT\u00d3N":"QUEVEDO",
        "PROVINCIA":"LOS RIOS",
        "RIESGO":"ALTO",
        "LAT":"-",
        "LON":"-1.02531580967954."
    },
    {
        "COD.":"002",
        "SUBCATEGORIA":"AGENCIA",
        "NOMBRE DE LA AGENCIA":"URDESA",
        "CATEGORIA":"OFICINA",
        "REGI\u00d3N":"CENTRO",
        "CANT\u00d3N":"GUAYAQUIL",
        "PROVINCIA":"GUAYAS",
        "RIESGO":"ALTO",
        "LAT":"-",
        "LON":"-2.17267911967887."
    },
    {
        "COD.":"040",
        "SUBCATEGORIA":"AGENCIA",
        "NOMBRE DE LA AGENCIA":"LAGO AGRIO",
        "CATEGORIA":"OFICINA",
        "REGI\u00d3N":"NORTE",
        "CANT\u00d3N":"LAGO AGRIO",
        "PROVINCIA":"SUCUMBIOS",
        "RIESGO":"ALTO",
        "LAT":"-0.0823723971843719.",
        "LON":"-76.8830413818359"
    },
    {
        "COD.":"070",
        "SUBCATEGORIA":"AGENCIA",
        "NOMBRE DE LA AGENCIA":"MALL DEL SUR",
        "CATEGORIA":"OFICINA",
        "REGI\u00d3N":"CENTRO",
        "CANT\u00d3N":"GUAYAQUIL",
        "PROVINCIA":"GUAYAS",
        "RIESGO":"ALTO",
        "LAT":"-",
        "LON":"-2.22916301682313."
    },
    {
        "COD.":"118",
        "SUBCATEGORIA":"AGENCIA",
        "NOMBRE DE LA AGENCIA":"LA TRONCAL",
        "CATEGORIA":"OFICINA",
        "REGI\u00d3N":"SUR",
        "CANT\u00d3N":"LA TRONCAL",
        "PROVINCIA":"CA\u00d1AR",
        "RIESGO":"ALTO",
        "LAT":"-",
        "LON":"-2.42460285262272."
    },
    {
        "COD.":"139",
        "SUBCATEGORIA":"SUCURSAL",
        "NOMBRE DE LA AGENCIA":"EL PUYO",
        "CATEGORIA":"OFICINA",
        "REGI\u00d3N":"NORTE",
        "CANT\u00d3N":"PASTAZA",
        "PROVINCIA":"PASTAZA",
        "RIESGO":"ALTO",
        "LAT":"-",
        "LON":"-1.4865010608039."
    },
    {
        "COD.":"196",
        "SUBCATEGORIA":"AGENCIA",
        "NOMBRE DE LA AGENCIA":"MALL DEL NORTE",
        "CATEGORIA":"OFICINA",
        "REGI\u00d3N":"CENTRO",
        "CANT\u00d3N":"GUAYAQUIL",
        "PROVINCIA":"GUAYAS",
        "RIESGO":"ALTO",
        "LAT":"-",
        "LON":"-2.0943436138982245."
    },
    {
        "COD.":"034",
        "SUBCATEGORIA":"SUCURSAL",
        "NOMBRE DE LA AGENCIA":"RIOBAMBA",
        "CATEGORIA":"OFICINA",
        "REGI\u00d3N":"NORTE",
        "CANT\u00d3N":"RIOBAMBA",
        "PROVINCIA":"CHIMBORAZO",
        "RIESGO":"ALTO",
        "LAT":"-",
        "LON":"-1.67084109783172."
    },
    {
        "COD.":"032",
        "SUBCATEGORIA":"SUCURSAL\/AUTOBANCO",
        "NOMBRE DE LA AGENCIA":"SANTO DOMINGO",
        "CATEGORIA":"OFICINA",
        "REGI\u00d3N":"NORTE",
        "CANT\u00d3N":"SANTO DOMINGO",
        "PROVINCIA":"SANTO DOMINGO",
        "RIESGO":"ALTO",
        "LAT":"-",
        "LON":"-0.249705290450951."
    },
    {
        "COD.":"016",
        "SUBCATEGORIA":"AGENCIA",
        "NOMBRE DE LA AGENCIA":"PLAYAS",
        "CATEGORIA":"OFICINA",
        "REGI\u00d3N":"CENTRO",
        "CANT\u00d3N":"PLAYAS",
        "PROVINCIA":"GUAYAS",
        "RIESGO":"ALTO",
        "LAT":"-",
        "LON":"-2.63508868217468."
    },
    {
        "COD.":"137",
        "SUBCATEGORIA":"AGENCIA",
        "NOMBRE DE LA AGENCIA":"ORO PLAZA MACHALA",
        "CATEGORIA":"OFICINA",
        "REGI\u00d3N":"SUR",
        "CANT\u00d3N":"MACHALA",
        "PROVINCIA":"EL ORO",
        "RIESGO":"ALTO",
        "LAT":"-",
        "LON":"-3.281135445743491."
    },
    {
        "COD.":"022",
        "SUBCATEGORIA":"AGENCIA",
        "NOMBRE DE LA AGENCIA":"COTOCOLLAO",
        "CATEGORIA":"OFICINA",
        "REGI\u00d3N":"NORTE",
        "CANT\u00d3N":"QUITO",
        "PROVINCIA":"PICHINCHA",
        "RIESGO":"ALTO",
        "LAT":"-",
        "LON":"-0.1317362831680008."
    },
    {
        "COD.":"122",
        "SUBCATEGORIA":"AGENCIA",
        "NOMBRE DE LA AGENCIA":"LA CONCORDIA",
        "CATEGORIA":"OFICINA",
        "REGI\u00d3N":"NORTE",
        "CANT\u00d3N":"LA CONCORDIA",
        "PROVINCIA":"ESMERALDAS",
        "RIESGO":"ALTO",
        "LAT":"-0.965471994728942.",
        "LON":"-79.6519590711126"
    },
    {
        "COD.":"078",
        "SUBCATEGORIA":"AGENCIA",
        "NOMBRE DE LA AGENCIA":"10 DE AGOSTO",
        "CATEGORIA":"OFICINA",
        "REGI\u00d3N":"NORTE",
        "CANT\u00d3N":"QUITO",
        "PROVINCIA":"PICHINCHA",
        "RIESGO":"ALTO",
        "LAT":"-",
        "LON":"-0.1917042037925103."
    },
    {
        "COD.":"124",
        "SUBCATEGORIA":"AGENCIA",
        "NOMBRE DE LA AGENCIA":"EL INCA",
        "CATEGORIA":"OFICINA",
        "REGI\u00d3N":"NORTE",
        "CANT\u00d3N":"QUITO",
        "PROVINCIA":"PICHINCHA",
        "RIESGO":"ALTO",
        "LAT":"-",
        "LON":"-0.15588397142760133."
    },
    {
        "COD.":"047",
        "SUBCATEGORIA":"AGENCIA\/AUTOBANCO",
        "NOMBRE DE LA AGENCIA":"LA MARISCAL",
        "CATEGORIA":"OFICINA",
        "REGI\u00d3N":"NORTE",
        "CANT\u00d3N":"QUITO",
        "PROVINCIA":"PICHINCHA",
        "RIESGO":"ALTO",
        "LAT":"-",
        "LON":"-0.20710064929032754."
    },
    {
        "COD.":"113",
        "SUBCATEGORIA":"AGENCIA",
        "NOMBRE DE LA AGENCIA":"SANTA ROSA",
        "CATEGORIA":"OFICINA",
        "REGI\u00d3N":"SUR",
        "CANT\u00d3N":"SANTA ROSA",
        "PROVINCIA":"EL ORO",
        "RIESGO":"MEDIO",
        "LAT":"-",
        "LON":"-3.44807126955993."
    },
    {
        "COD.":"019",
        "SUBCATEGORIA":"AGENCIA\/AUTOBANCO",
        "NOMBRE DE LA AGENCIA":"ALBORADA",
        "CATEGORIA":"OFICINA",
        "REGI\u00d3N":"CENTRO",
        "CANT\u00d3N":"GUAYAQUIL",
        "PROVINCIA":"GUAYAS",
        "RIESGO":"MEDIO",
        "LAT":"-",
        "LON":"-2.1356440171393."
    },
    {
        "COD.":"042",
        "SUBCATEGORIA":"AGENCIA",
        "NOMBRE DE LA AGENCIA":"PLAZA DE LA ADMINISTRACION",
        "CATEGORIA":"OFICINA",
        "REGI\u00d3N":"CENTRO",
        "CANT\u00d3N":"GUAYAQUIL",
        "PROVINCIA":"GUAYAS",
        "RIESGO":"MEDIO",
        "LAT":"-",
        "LON":"-2.19405966809096."
    },
    {
        "COD.":"100",
        "SUBCATEGORIA":"AGENCIA",
        "NOMBRE DE LA AGENCIA":"OTAVALO",
        "CATEGORIA":"OFICINA",
        "REGI\u00d3N":"NORTE",
        "CANT\u00d3N":"OTAVALO",
        "PROVINCIA":"IMBABURA",
        "RIESGO":"MEDIO",
        "LAT":"-0.226659476757049.",
        "LON":"-78.262939453125"
    },
    {
        "COD.":"104",
        "SUBCATEGORIA":"AGENCIA\/AUTOBANCO",
        "NOMBRE DE LA AGENCIA":"CENTRO DE CONVENCIONES ",
        "CATEGORIA":"OFICINA",
        "REGI\u00d3N":"CENTRO",
        "CANT\u00d3N":"GUAYAQUIL",
        "PROVINCIA":"GUAYAS",
        "RIESGO":"MEDIO",
        "LAT":"-",
        "LON":"-2.15724649650347."
    },
    {
        "COD.":"163",
        "SUBCATEGORIA":"OFICINA ESPECIAL",
        "NOMBRE DE LA AGENCIA":"SHOPPING VIA DAULE",
        "CATEGORIA":"OFICINA ESPECIAL",
        "REGI\u00d3N":"CENTRO",
        "CANT\u00d3N":"GUAYAQUIL",
        "PROVINCIA":"GUAYAS",
        "RIESGO":"MEDIO",
        "LAT":"-",
        "LON":"-2.11474805298468."
    },
    {
        "COD.":"135",
        "SUBCATEGORIA":"AGENCIA",
        "NOMBRE DE LA AGENCIA":"JIPIJAPA",
        "CATEGORIA":"OFICINA",
        "REGI\u00d3N":"CENTRO",
        "CANT\u00d3N":"JIPIJAPA",
        "PROVINCIA":"MANABI",
        "RIESGO":"MEDIO",
        "LAT":"-",
        "LON":"-1.34890913963316."
    },
    {
        "COD.":"141",
        "SUBCATEGORIA":"AGENCIA",
        "NOMBRE DE LA AGENCIA":"NUEVO MILAGRO",
        "CATEGORIA":"OFICINA",
        "REGI\u00d3N":"CENTRO",
        "CANT\u00d3N":"MILAGRO",
        "PROVINCIA":"GUAYAS",
        "RIESGO":"MEDIO",
        "LAT":"-",
        "LON":"-2.13550664484645."
    },
    {
        "COD.":"008",
        "SUBCATEGORIA":"SUCURSAL",
        "NOMBRE DE LA AGENCIA":"MILAGRO",
        "CATEGORIA":"OFICINA",
        "REGI\u00d3N":"CENTRO",
        "CANT\u00d3N":"MILAGRO",
        "PROVINCIA":"GUAYAS",
        "RIESGO":"MEDIO",
        "LAT":"-",
        "LON":"-2.12873983383178."
    },
    {
        "COD.":"005",
        "SUBCATEGORIA":"AGENCIA",
        "NOMBRE DE LA AGENCIA":"CENTENARIO",
        "CATEGORIA":"OFICINA",
        "REGI\u00d3N":"CENTRO",
        "CANT\u00d3N":"GUAYAQUIL",
        "PROVINCIA":"GUAYAS",
        "RIESGO":"MEDIO",
        "LAT":"-",
        "LON":"-2.22212988648751."
    },
    {
        "COD.":"087",
        "SUBCATEGORIA":"AGENCIA",
        "NOMBRE DE LA AGENCIA":"LOJA NORTE",
        "CATEGORIA":"OFICINA",
        "REGI\u00d3N":"SUR",
        "CANT\u00d3N":"LOJA",
        "PROVINCIA":"LOJA",
        "RIESGO":"MEDIO",
        "LAT":"-",
        "LON":"-3.9808919429779."
    },
    {
        "COD.":"096",
        "SUBCATEGORIA":"AGENCIA",
        "NOMBRE DE LA AGENCIA":"PASAJE",
        "CATEGORIA":"OFICINA",
        "REGI\u00d3N":"SUR",
        "CANT\u00d3N":"PASAJE",
        "PROVINCIA":"EL ORO",
        "RIESGO":"MEDIO",
        "LAT":"-",
        "LON":"-3.32689541445478."
    },
    {
        "COD.":"120",
        "SUBCATEGORIA":"AGENCIA",
        "NOMBRE DE LA AGENCIA":"NARANJITO",
        "CATEGORIA":"OFICINA",
        "REGI\u00d3N":"CENTRO",
        "CANT\u00d3N":"NARANJITO",
        "PROVINCIA":"GUAYAS",
        "RIESGO":"MEDIO",
        "LAT":"-",
        "LON":"-2.16763990959672."
    },
    {
        "COD.":"025",
        "SUBCATEGORIA":"SUCURSAL",
        "NOMBRE DE LA AGENCIA":"CUENCA",
        "CATEGORIA":"ADMINISTRATIVO",
        "REGI\u00d3N":"SUR",
        "CANT\u00d3N":"CUENCA",
        "PROVINCIA":"AZUAY",
        "RIESGO":"MEDIO",
        "LAT":"-",
        "LON":"-2.89849257469177."
    },
    {
        "COD.":"080",
        "SUBCATEGORIA":"AGENCIA",
        "NOMBRE DE LA AGENCIA":"MAGDALENA",
        "CATEGORIA":"OFICINA",
        "REGI\u00d3N":"NORTE",
        "CANT\u00d3N":"QUITO",
        "PROVINCIA":"PICHINCHA",
        "RIESGO":"MEDIO",
        "LAT":"-",
        "LON":"-0.2381974897571969."
    },
    {
        "COD.":"086",
        "SUBCATEGORIA":"AGENCIA",
        "NOMBRE DE LA AGENCIA":"GUALACEO",
        "CATEGORIA":"OFICINA",
        "REGI\u00d3N":"SUR",
        "CANT\u00d3N":"GUALACEO",
        "PROVINCIA":"AZUAY",
        "RIESGO":"MEDIO",
        "LAT":"-",
        "LON":"-2.89020895957946."
    },
    {
        "COD.":"121",
        "SUBCATEGORIA":"AGENCIA",
        "NOMBRE DE LA AGENCIA":"CA\u00d1AR",
        "CATEGORIA":"OFICINA",
        "REGI\u00d3N":"SUR",
        "CANT\u00d3N":"CA\u00d1AR",
        "PROVINCIA":"CA\u00d1AR",
        "RIESGO":"MEDIO",
        "LAT":"-",
        "LON":"-2.55911200738053."
    },
    {
        "COD.":"014",
        "SUBCATEGORIA":"SUCURSAL",
        "NOMBRE DE LA AGENCIA":"ALAUS\u00cd",
        "CATEGORIA":"OFICINA",
        "REGI\u00d3N":"NORTE",
        "CANT\u00d3N":"ALAUSI",
        "PROVINCIA":"CHIMBORAZO",
        "RIESGO":"MEDIO",
        "LAT":"-",
        "LON":"-2.20428133010864."
    },
    {
        "COD.":"023",
        "SUBCATEGORIA":"SUCURSAL",
        "NOMBRE DE LA AGENCIA":"MACHALA",
        "CATEGORIA":"OFICINA",
        "REGI\u00d3N":"SUR",
        "CANT\u00d3N":"MACHALA",
        "PROVINCIA":"EL ORO",
        "RIESGO":"MEDIO",
        "LAT":"-",
        "LON":"-3.26109180378573."
    },
    {
        "COD.":"031",
        "SUBCATEGORIA":"SUCURSAL",
        "NOMBRE DE LA AGENCIA":"LOJA",
        "CATEGORIA":"OFICINA",
        "REGI\u00d3N":"SUR",
        "CANT\u00d3N":"LOJA",
        "PROVINCIA":"LOJA",
        "RIESGO":"MEDIO",
        "LAT":"-",
        "LON":"-3.99632096290588."
    },
    {
        "COD.":"158",
        "SUBCATEGORIA":"AGENCIA",
        "NOMBRE DE LA AGENCIA":"PELILEO",
        "CATEGORIA":"OFICINA",
        "REGI\u00d3N":"NORTE",
        "CANT\u00d3N":"SAN PEDRO DE PELILEO",
        "PROVINCIA":"TUNGURAHUA",
        "RIESGO":"MEDIO",
        "LAT":"-",
        "LON":"-1.32920181751251."
    },
    {
        "COD.":"038",
        "SUBCATEGORIA":"SUCURSAL",
        "NOMBRE DE LA AGENCIA":"PORTOVIEJO",
        "CATEGORIA":"OFICINA",
        "REGI\u00d3N":"CENTRO",
        "CANT\u00d3N":"PORTOVIEJO",
        "PROVINCIA":"MANABI",
        "RIESGO":"MEDIO",
        "LAT":"-",
        "LON":"-1.05819688763805."
    },
    {
        "COD.":"012",
        "SUBCATEGORIA":"AGENCIA",
        "NOMBRE DE LA AGENCIA":"CEVALLOS",
        "CATEGORIA":"OFICINA",
        "REGI\u00d3N":"NORTE",
        "CANT\u00d3N":"AMBATO",
        "PROVINCIA":"TUNGURAHUA",
        "RIESGO":"MEDIO",
        "LAT":"-",
        "LON":"-1.23661196231842."
    },
    {
        "COD.":"017",
        "SUBCATEGORIA":"AGENCIA",
        "NOMBRE DE LA AGENCIA":"VENTANAS",
        "CATEGORIA":"OFICINA",
        "REGI\u00d3N":"CENTRO",
        "CANT\u00d3N":"VENTANAS",
        "PROVINCIA":"LOS RIOS",
        "RIESGO":"MEDIO",
        "LAT":"-",
        "LON":"-1.44170951843261."
    },
    {
        "COD.":"109",
        "SUBCATEGORIA":"AGENCIA",
        "NOMBRE DE LA AGENCIA":"SANTA ELENA",
        "CATEGORIA":"OFICINA",
        "REGI\u00d3N":"CENTRO",
        "CANT\u00d3N":"SANTA ELENA",
        "PROVINCIA":"SANTA ELENA",
        "RIESGO":"MEDIO",
        "LAT":"-",
        "LON":"-2.22748398436653."
    },
    {
        "COD.":"161",
        "SUBCATEGORIA":"AGENCIA",
        "NOMBRE DE LA AGENCIA":"EL EMPALME",
        "CATEGORIA":"OFICINA",
        "REGI\u00d3N":"CENTRO",
        "CANT\u00d3N":"EL EMPALME",
        "PROVINCIA":"GUAYAS",
        "RIESGO":"MEDIO",
        "LAT":"-",
        "LON":"-1.04398543083834."
    },
    {
        "COD.":"007",
        "SUBCATEGORIA":"SUCURSAL",
        "NOMBRE DE LA AGENCIA":"AMBATO",
        "CATEGORIA":"OFICINA",
        "REGI\u00d3N":"NORTE",
        "CANT\u00d3N":"AMBATO",
        "PROVINCIA":"TUNGURAHUA",
        "RIESGO":"MEDIO",
        "LAT":"-",
        "LON":"-1.2417299747467."
    },
    {
        "COD.":"116",
        "SUBCATEGORIA":"AGENCIA\/AUTOBANCO",
        "NOMBRE DE LA AGENCIA":"PIAZZA CEIBOS",
        "CATEGORIA":"OFICINA",
        "REGI\u00d3N":"CENTRO",
        "CANT\u00d3N":"GUAYAQUIL",
        "PROVINCIA":"GUAYAS",
        "RIESGO":"MEDIO",
        "LAT":"-",
        "LON":"-2.17734684193316."
    },
    {
        "COD.":"052",
        "SUBCATEGORIA":"SUCURSAL",
        "NOMBRE DE LA AGENCIA":"LATACUNGA",
        "CATEGORIA":"OFICINA",
        "REGI\u00d3N":"NORTE",
        "CANT\u00d3N":"LATACUNGA",
        "PROVINCIA":"COTOPAXI",
        "RIESGO":"MEDIO",
        "LAT":"-",
        "LON":"-0.934043228626251."
    },
    {
        "COD.":"046",
        "SUBCATEGORIA":"AGENCIA",
        "NOMBRE DE LA AGENCIA":"SALINAS",
        "CATEGORIA":"OFICINA",
        "REGI\u00d3N":"CENTRO",
        "CANT\u00d3N":"SALINAS",
        "PROVINCIA":"SANTA ELENA",
        "RIESGO":"MEDIO",
        "LAT":"-",
        "LON":"-2.20546318535375."
    },
    {
        "COD.":"045",
        "SUBCATEGORIA":"SUCURSAL",
        "NOMBRE DE LA AGENCIA":"LA LIBERTAD",
        "CATEGORIA":"OFICINA",
        "REGI\u00d3N":"CENTRO",
        "CANT\u00d3N":"LA LIBERTAD",
        "PROVINCIA":"SANTA ELENA",
        "RIESGO":"MEDIO",
        "LAT":"-",
        "LON":"-2.22145276045108."
    },
    {
        "COD.":"061",
        "SUBCATEGORIA":"SUCURSAL\/AUTOBANCO",
        "NOMBRE DE LA AGENCIA":"MANTA",
        "CATEGORIA":"OFICINA",
        "REGI\u00d3N":"CENTRO",
        "CANT\u00d3N":"MANTA",
        "PROVINCIA":"MANABI",
        "RIESGO":"MEDIO",
        "LAT":"-",
        "LON":"-0.944230731361959."
    },
    {
        "COD.":"050",
        "SUBCATEGORIA":"AGENCIA",
        "NOMBRE DE LA AGENCIA":"9 DE OCTUBRE",
        "CATEGORIA":"OFICINA",
        "REGI\u00d3N":"CENTRO",
        "CANT\u00d3N":"GUAYAQUIL",
        "PROVINCIA":"GUAYAS",
        "RIESGO":"MEDIO",
        "LAT":"-",
        "LON":"-2.18885258205284."
    },
    {
        "COD.":"177",
        "SUBCATEGORIA":"AGENCIA",
        "NOMBRE DE LA AGENCIA":"RACAR PLAZA",
        "CATEGORIA":"OFICINA",
        "REGI\u00d3N":"SUR",
        "CANT\u00d3N":"CUENCA",
        "PROVINCIA":"AZUAY",
        "RIESGO":"MEDIO",
        "LAT":"-",
        "LON":"-2.8675597068689944."
    },
    {
        "COD.":"136",
        "SUBCATEGORIA":"AGENCIA",
        "NOMBRE DE LA AGENCIA":"VINCES",
        "CATEGORIA":"OFICINA",
        "REGI\u00d3N":"CENTRO",
        "CANT\u00d3N":"VINCES",
        "PROVINCIA":"LOS RIOS",
        "RIESGO":"MEDIO",
        "LAT":"-",
        "LON":"-1.55627167224881."
    },
    {
        "COD.":"036",
        "SUBCATEGORIA":"AGENCIA",
        "NOMBRE DE LA AGENCIA":"AZOGUEZ",
        "CATEGORIA":"OFICINA",
        "REGI\u00d3N":"SUR",
        "CANT\u00d3N":"AZOGUES",
        "PROVINCIA":"CA\u00d1AR",
        "RIESGO":"MEDIO",
        "LAT":"-",
        "LON":"-2.73648059681989."
    },
    {
        "COD.":"133",
        "SUBCATEGORIA":"AGENCIA",
        "NOMBRE DE LA AGENCIA":"CHONE",
        "CATEGORIA":"OFICINA",
        "REGI\u00d3N":"CENTRO",
        "CANT\u00d3N":"CHONE",
        "PROVINCIA":"MANABI",
        "RIESGO":"MEDIO",
        "LAT":"-",
        "LON":"-0.698356367694673."
    },
    {
        "COD.":"030",
        "SUBCATEGORIA":"AGENCIA",
        "NOMBRE DE LA AGENCIA":"PUERTO MAR\u00cdTIMO",
        "CATEGORIA":"OFICINA",
        "REGI\u00d3N":"CENTRO",
        "CANT\u00d3N":"GUAYAQUIL",
        "PROVINCIA":"GUAYAS",
        "RIESGO":"MEDIO",
        "LAT":"-",
        "LON":"-2.27691741584446."
    },
    {
        "COD.":"099",
        "SUBCATEGORIA":"AGENCIA",
        "NOMBRE DE LA AGENCIA":"SALCEDO",
        "CATEGORIA":"OFICINA",
        "REGI\u00d3N":"NORTE",
        "CANT\u00d3N":"SALCEDO",
        "PROVINCIA":"COTOPAXI",
        "RIESGO":"MEDIO",
        "LAT":"-",
        "LON":"-1.04374349117279."
    },
    {
        "COD.":"151",
        "SUBCATEGORIA":"AGENCIA",
        "NOMBRE DE LA AGENCIA":"RIOCENTRO SUR",
        "CATEGORIA":"OFICINA",
        "REGI\u00d3N":"CENTRO",
        "CANT\u00d3N":"GUAYAQUIL",
        "PROVINCIA":"GUAYAS",
        "RIESGO":"MEDIO",
        "LAT":"-",
        "LON":"-2.22915853367592."
    },
    {
        "COD.":"093",
        "SUBCATEGORIA":"AGENCIA",
        "NOMBRE DE LA AGENCIA":"AKI SAN FRANCISCO (OBELISCO)",
        "CATEGORIA":"OFICINA",
        "REGI\u00d3N":"NORTE",
        "CANT\u00d3N":"IBARRA",
        "PROVINCIA":"IMBABURA",
        "RIESGO":"MEDIO",
        "LAT":"-0.348808884620666.",
        "LON":"-78.1245498657226"
    },
    {
        "COD.":"183",
        "SUBCATEGORIA":"AGENCIA",
        "NOMBRE DE LA AGENCIA":"C\u00c1MARA DE COMERCIO CUENCA",
        "CATEGORIA":"OFICINA",
        "REGI\u00d3N":"SUR",
        "CANT\u00d3N":"CUENCA",
        "PROVINCIA":"AZUAY",
        "RIESGO":"MEDIO",
        "LAT":"-",
        "LON":"-2.9040548480854."
    },
    {
        "COD.":"140",
        "SUBCATEGORIA":"AGENCIA",
        "NOMBRE DE LA AGENCIA":"MALL DEL RIO GYE",
        "CATEGORIA":"OFICINA",
        "REGI\u00d3N":"CENTRO",
        "CANT\u00d3N":"GUAYAQUIL",
        "PROVINCIA":"GUAYAS",
        "RIESGO":"MEDIO",
        "LAT":"-",
        "LON":"-2.1249906665717773."
    },
    {
        "COD.":"194",
        "SUBCATEGORIA":"AGENCIA",
        "NOMBRE DE LA AGENCIA":"PARQUE EMPRESARIAL COLON",
        "CATEGORIA":"OFICINA",
        "REGI\u00d3N":"CENTRO",
        "CANT\u00d3N":"GUAYAQUIL",
        "PROVINCIA":"GUAYAS",
        "RIESGO":"MEDIO",
        "LAT":"-",
        "LON":"-2.1506050925214644."
    },
    {
        "COD.":"145",
        "SUBCATEGORIA":"AGENCIA",
        "NOMBRE DE LA AGENCIA":"MACHACHI",
        "CATEGORIA":"OFICINA",
        "REGI\u00d3N":"NORTE",
        "CANT\u00d3N":"MEJIA",
        "PROVINCIA":"PICHINCHA",
        "RIESGO":"MEDIO",
        "LAT":"-",
        "LON":"-0.514172315597534."
    },
    {
        "COD.":"127",
        "SUBCATEGORIA":"AGENCIA",
        "NOMBRE DE LA AGENCIA":"PLAZA GRANDE",
        "CATEGORIA":"OFICINA",
        "REGI\u00d3N":"NORTE",
        "CANT\u00d3N":"QUITO",
        "PROVINCIA":"PICHINCHA",
        "RIESGO":"MEDIO",
        "LAT":"-",
        "LON":"-0.2187593884704454."
    },
    {
        "COD.":"131",
        "SUBCATEGORIA":"AGENCIA",
        "NOMBRE DE LA AGENCIA":"EL REDONDEL",
        "CATEGORIA":"OFICINA",
        "REGI\u00d3N":"NORTE",
        "CANT\u00d3N":"RIOBAMBA",
        "PROVINCIA":"CHIMBORAZO",
        "RIESGO":"MEDIO",
        "LAT":"-",
        "LON":"-1.66157603263854."
    },
    {
        "COD.":"148",
        "SUBCATEGORIA":"AGENCIA",
        "NOMBRE DE LA AGENCIA":"PASEO SHOPPING RIOBAMBA",
        "CATEGORIA":"OFICINA",
        "REGI\u00d3N":"NORTE",
        "CANT\u00d3N":"RIOBAMBA",
        "PROVINCIA":"CHIMBORAZO",
        "RIESGO":"MEDIO",
        "LAT":"-",
        "LON":"-1.65433753159528."
    },
    {
        "COD.":"073",
        "SUBCATEGORIA":"SUCURSAL",
        "NOMBRE DE LA AGENCIA":"IBARRA",
        "CATEGORIA":"OFICINA",
        "REGI\u00d3N":"NORTE",
        "CANT\u00d3N":"IBARRA",
        "PROVINCIA":"IMBABURA",
        "RIESGO":"MEDIO",
        "LAT":"-0.346582055091857.",
        "LON":"-78.1349792480468"
    },
    {
        "COD.":"111",
        "SUBCATEGORIA":"AGENCIA",
        "NOMBRE DE LA AGENCIA":"TS\u00c1CHILA",
        "CATEGORIA":"OFICINA",
        "REGI\u00d3N":"NORTE",
        "CANT\u00d3N":"SANTO DOMINGO",
        "PROVINCIA":"SANTO DOMINGO",
        "RIESGO":"MEDIO",
        "LAT":"-",
        "LON":"-0.257929599645254."
    },
    {
        "COD.":"125",
        "SUBCATEGORIA":"AGENCIA",
        "NOMBRE DE LA AGENCIA":"EL PORTAL SHOPPING",
        "CATEGORIA":"OFICINA",
        "REGI\u00d3N":"NORTE",
        "CANT\u00d3N":"QUITO",
        "PROVINCIA":"PICHINCHA",
        "RIESGO":"MEDIO",
        "LAT":"-",
        "LON":"-0.1080722834895211."
    },
    {
        "COD.":"110",
        "SUBCATEGORIA":"SUCURSAL",
        "NOMBRE DE LA AGENCIA":"TULC\u00c1N",
        "CATEGORIA":"OFICINA",
        "REGI\u00d3N":"NORTE",
        "CANT\u00d3N":"TULC\u00c1N",
        "PROVINCIA":"CARCHI",
        "RIESGO":"MEDIO",
        "LAT":"-0.811478972434997.",
        "LON":"-77.7172012329101"
    },
    {
        "COD.":"039",
        "SUBCATEGORIA":"AGENCIA",
        "NOMBRE DE LA AGENCIA":"ESPA\u00d1A",
        "CATEGORIA":"OFICINA",
        "REGI\u00d3N":"SUR",
        "CANT\u00d3N":"CUENCA",
        "PROVINCIA":"AZUAY",
        "RIESGO":"MEDIO",
        "LAT":"-",
        "LON":"-2.89201068878173."
    },
    {
        "COD.":"188",
        "SUBCATEGORIA":"AUTOBANCO",
        "NOMBRE DE LA AGENCIA":"EL DORADO",
        "CATEGORIA":"OFICINA",
        "REGI\u00d3N":"CENTRO",
        "CANT\u00d3N":"DAULE",
        "PROVINCIA":"GUAYAS",
        "RIESGO":"MEDIO",
        "LAT":"-",
        "LON":"-2.0562594428355014."
    },
    {
        "COD.":"001A",
        "SUBCATEGORIA":"MATRIZ",
        "NOMBRE DE LA AGENCIA":"MATRIZ EDIFICIO PRINCIPAL",
        "CATEGORIA":"ADMINISTRATIVO",
        "REGI\u00d3N":"CENTRO",
        "CANT\u00d3N":"GUAYAQUIL",
        "PROVINCIA":"GUAYAS",
        "RIESGO":"MEDIO",
        "LAT":"-",
        "LON":"-2.19129487099465."
    },
    {
        "COD.":"094",
        "SUBCATEGORIA":"AGENCIA",
        "NOMBRE DE LA AGENCIA":"ALBANBORJA",
        "CATEGORIA":"OFICINA",
        "REGI\u00d3N":"CENTRO",
        "CANT\u00d3N":"GUAYAQUIL",
        "PROVINCIA":"GUAYAS",
        "RIESGO":"MEDIO",
        "LAT":"-",
        "LON":"-2.16877437372918."
    },
    {
        "COD.":"037",
        "SUBCATEGORIA":"AGENCIA",
        "NOMBRE DE LA AGENCIA":"MALL DEL SOL",
        "CATEGORIA":"OFICINA",
        "REGI\u00d3N":"CENTRO",
        "CANT\u00d3N":"GUAYAQUIL",
        "PROVINCIA":"GUAYAS",
        "RIESGO":"MEDIO",
        "LAT":"-",
        "LON":"-2.15572711933762."
    },
    {
        "COD.":"001C",
        "SUBCATEGORIA":"MATRIZ",
        "NOMBRE DE LA AGENCIA":"EDIFICIO MULTIPARQUEO",
        "CATEGORIA":"ADMINISTRATIVO",
        "REGI\u00d3N":"CENTRO",
        "CANT\u00d3N":"GUAYAQUIL",
        "PROVINCIA":"GUAYAS",
        "RIESGO":"MEDIO",
        "LAT":"-",
        "LON":"-2.19129487099465."
    },
    {
        "COD.":"149",
        "SUBCATEGORIA":"AGENCIA",
        "NOMBRE DE LA AGENCIA":"PASEO SHOPPING QUEVEDO",
        "CATEGORIA":"OFICINA",
        "REGI\u00d3N":"CENTRO",
        "CANT\u00d3N":"QUEVEDO",
        "PROVINCIA":"LOS RIOS",
        "RIESGO":"MEDIO",
        "LAT":"-",
        "LON":"-1.01007425654051."
    },
    {
        "COD.":"175",
        "SUBCATEGORIA":"AGENCIA",
        "NOMBRE DE LA AGENCIA":"SHOPPING DURAN ",
        "CATEGORIA":"OFICINA",
        "REGI\u00d3N":"CENTRO",
        "CANT\u00d3N":"DURAN",
        "PROVINCIA":"GUAYAS",
        "RIESGO":"MEDIO",
        "LAT":"-",
        "LON":"-2.1777830918628."
    },
    {
        "COD.":"068",
        "SUBCATEGORIA":"AGENCIA",
        "NOMBRE DE LA AGENCIA":"MALL DEL R\u00cdO CUENCA",
        "CATEGORIA":"OFICINA",
        "REGI\u00d3N":"SUR",
        "CANT\u00d3N":"CUENCA",
        "PROVINCIA":"AZUAY",
        "RIESGO":"BAJO",
        "LAT":"-",
        "LON":"-2.91901136857754."
    },
    {
        "COD.":"129",
        "SUBCATEGORIA":"AGENCIA",
        "NOMBRE DE LA AGENCIA":"MONAY SHOPPING CENTER",
        "CATEGORIA":"OFICINA",
        "REGI\u00d3N":"SUR",
        "CANT\u00d3N":"CUENCA",
        "PROVINCIA":"AZUAY",
        "RIESGO":"BAJO",
        "LAT":"-",
        "LON":"-2.89740962486469."
    },
    {
        "COD.":"001B",
        "SUBCATEGORIA":"MATRIZ",
        "NOMBRE DE LA AGENCIA":"ANEXO EDIFICIO",
        "CATEGORIA":"ADMINISTRATIVO",
        "REGI\u00d3N":"CENTRO",
        "CANT\u00d3N":"GUAYAQUIL",
        "PROVINCIA":"GUAYAS",
        "RIESGO":"BAJO",
        "LAT":"-",
        "LON":"-2.19129487099465."
    },
    {
        "COD.":"108",
        "SUBCATEGORIA":"SUCURSAL",
        "NOMBRE DE LA AGENCIA":"GUARANDA",
        "CATEGORIA":"OFICINA",
        "REGI\u00d3N":"NORTE",
        "CANT\u00d3N":"GUARANDA",
        "PROVINCIA":"BOLIVAR",
        "RIESGO":"BAJO",
        "LAT":"-",
        "LON":"-1.59188365936279."
    },
    {
        "COD.":"076",
        "SUBCATEGORIA":"AGENCIA\/AUTOBANCO",
        "NOMBRE DE LA AGENCIA":"PIAZZA SAMBOROND\u00d3N",
        "CATEGORIA":"OFICINA",
        "REGI\u00d3N":"CENTRO",
        "CANT\u00d3N":"SAMBORONDON",
        "PROVINCIA":"GUAYAS",
        "RIESGO":"BAJO",
        "LAT":"-",
        "LON":"-2.13780283412712."
    },
    {
        "COD.":"077",
        "SUBCATEGORIA":"AGENCIA",
        "NOMBRE DE LA AGENCIA":"MALL DE LOS ANDES",
        "CATEGORIA":"OFICINA",
        "REGI\u00d3N":"NORTE",
        "CANT\u00d3N":"AMBATO",
        "PROVINCIA":"TUNGURAHUA",
        "RIESGO":"BAJO",
        "LAT":"-",
        "LON":"-1.26513485864412."
    },
    {
        "COD.":"184",
        "SUBCATEGORIA":"AGENCIA\/AUTOBANCO",
        "NOMBRE DE LA AGENCIA":"PIAZZA LA JOYA",
        "CATEGORIA":"OFICINA",
        "REGI\u00d3N":"CENTRO",
        "CANT\u00d3N":"DAULE",
        "PROVINCIA":"GUAYAS",
        "RIESGO":"BAJO",
        "LAT":"-",
        "LON":"-2.04956127608462."
    },
    {
        "COD.":"169",
        "SUBCATEGORIA":"AGENCIA",
        "NOMBRE DE LA AGENCIA":"SHOPPING DAULE",
        "CATEGORIA":"OFICINA",
        "REGI\u00d3N":"CENTRO",
        "CANT\u00d3N":"DAULE",
        "PROVINCIA":"GUAYAS",
        "RIESGO":"BAJO",
        "LAT":"-",
        "LON":"-1.87895952502814."
    },
    {
        "COD.":"063",
        "SUBCATEGORIA":"AGENCIA",
        "NOMBRE DE LA AGENCIA":"TERMINAL TERRESTRE",
        "CATEGORIA":"OFICINA",
        "REGI\u00d3N":"CENTRO",
        "CANT\u00d3N":"GUAYAQUIL",
        "PROVINCIA":"GUAYAS",
        "RIESGO":"BAJO",
        "LAT":"-",
        "LON":"-2.14311110594803."
    },
    {
        "COD.":"192",
        "SUBCATEGORIA":"AGENCIA",
        "NOMBRE DE LA AGENCIA":"BATAN SHOPPING",
        "CATEGORIA":"OFICINA",
        "REGI\u00d3N":"SUR",
        "CANT\u00d3N":"CUENCA",
        "PROVINCIA":"AZUAY",
        "RIESGO":"BAJO",
        "LAT":"-",
        "LON":"-2.89350383790099."
    },
    {
        "COD.":"006",
        "SUBCATEGORIA":"SUCURSAL",
        "NOMBRE DE LA AGENCIA":"SUCURSAL MAYOR QUITO (SMQ)",
        "CATEGORIA":"ADMINISTRATIVO",
        "REGI\u00d3N":"NORTE",
        "CANT\u00d3N":"QUITO",
        "PROVINCIA":"PICHINCHA",
        "RIESGO":"BAJO",
        "LAT":"-",
        "LON":"-0.20096253988840698."
    },
    {
        "COD.":"065",
        "SUBCATEGORIA":"AGENCIA",
        "NOMBRE DE LA AGENCIA":"SAN MARINO",
        "CATEGORIA":"OFICINA",
        "REGI\u00d3N":"CENTRO",
        "CANT\u00d3N":"GUAYAQUIL",
        "PROVINCIA":"GUAYAS",
        "RIESGO":"BAJO",
        "LAT":"-",
        "LON":"-2.16941129020294."
    },
    {
        "COD.":"181",
        "SUBCATEGORIA":"AGENCIA",
        "NOMBRE DE LA AGENCIA":"HIPERMARKET VIA A LA COSTA",
        "CATEGORIA":"OFICINA",
        "REGI\u00d3N":"CENTRO",
        "CANT\u00d3N":"GUAYAQUIL",
        "PROVINCIA":"GUAYAS",
        "RIESGO":"BAJO",
        "LAT":"-",
        "LON":"-2.18167305217075."
    },
    {
        "COD.":"105",
        "SUBCATEGORIA":"AGENCIA",
        "NOMBRE DE LA AGENCIA":"SHOPPING PORTOVIEJO",
        "CATEGORIA":"OFICINA",
        "REGI\u00d3N":"CENTRO",
        "CANT\u00d3N":"PORTOVIEJO",
        "PROVINCIA":"MANABI",
        "RIESGO":"BAJO",
        "LAT":"-",
        "LON":"-1.04811558256543."
    },
    {
        "COD.":"166",
        "SUBCATEGORIA":"AGENCIA",
        "NOMBRE DE LA AGENCIA":"PASEO SHOPPING LA LIBERTAD",
        "CATEGORIA":"OFICINA",
        "REGI\u00d3N":"CENTRO",
        "CANT\u00d3N":"LA LIBERTAD",
        "PROVINCIA":"SANTA ELENA",
        "RIESGO":"BAJO",
        "LAT":"-",
        "LON":"-2.22615988478652."
    },
    {
        "COD.":"167",
        "SUBCATEGORIA":"AGENCIA",
        "NOMBRE DE LA AGENCIA":"PASEO SHOPPING BABAHOYO",
        "CATEGORIA":"OFICINA",
        "REGI\u00d3N":"CENTRO",
        "CANT\u00d3N":"BABAHOYO",
        "PROVINCIA":"LOS RIOS",
        "RIESGO":"BAJO",
        "LAT":"-",
        "LON":"-1.81404230621438."
    },
    {
        "COD.":"190",
        "SUBCATEGORIA":"AGENCIA",
        "NOMBRE DE LA AGENCIA":"MALL DEL PACIFICO",
        "CATEGORIA":"OFICINA",
        "REGI\u00d3N":"CENTRO",
        "CANT\u00d3N":"MANTA",
        "PROVINCIA":"MANABI",
        "RIESGO":"BAJO",
        "LAT":"-",
        "LON":"-0.9422344297121572."
    },
    {
        "COD.":"126",
        "SUBCATEGORIA":"AGENCIA",
        "NOMBRE DE LA AGENCIA":"RIOCENTRO ENTRE RIOS",
        "CATEGORIA":"OFICINA",
        "REGI\u00d3N":"CENTRO",
        "CANT\u00d3N":"SAMBORONDON",
        "PROVINCIA":"GUAYAS",
        "RIESGO":"BAJO",
        "LAT":"-",
        "LON":"-2.14048317398459."
    },
    {
        "COD.":"189",
        "SUBCATEGORIA":"OFICINA DIGITAL",
        "NOMBRE DE LA AGENCIA":"PLAZA LAGOS",
        "CATEGORIA":"OFICINA",
        "REGI\u00d3N":"CENTRO",
        "CANT\u00d3N":"SAMBORONDON",
        "PROVINCIA":"GUAYAS",
        "RIESGO":"BAJO",
        "LAT":"-",
        "LON":"-2.097697026385894."
    },
    {
        "COD.":"193",
        "SUBCATEGORIA":"AGENCIA",
        "NOMBRE DE LA AGENCIA":"MULTIPLAZA BAT\u00c1N ",
        "CATEGORIA":"OFICINA",
        "REGI\u00d3N":"CENTRO",
        "CANT\u00d3N":"SAMBORONDON",
        "PROVINCIA":"GUAYAS",
        "RIESGO":"BAJO",
        "LAT":"-",
        "LON":"-2.0723982507635332."
    },
    {
        "COD.":"044",
        "SUBCATEGORIA":"SUCURSAL",
        "NOMBRE DE LA AGENCIA":"BAH\u00cdA DE CAR\u00c1QUEZ",
        "CATEGORIA":"OFICINA",
        "REGI\u00d3N":"CENTRO",
        "CANT\u00d3N":"SUCRE",
        "PROVINCIA":"MANABI",
        "RIESGO":"BAJO",
        "LAT":"-",
        "LON":"-0.610946668053501."
    },
    {
        "COD.":"013",
        "SUBCATEGORIA":"AGENCIA",
        "NOMBRE DE LA AGENCIA":"POLICENTRO",
        "CATEGORIA":"OFICINA",
        "REGI\u00d3N":"CENTRO",
        "CANT\u00d3N":"GUAYAQUIL",
        "PROVINCIA":"GUAYAS",
        "RIESGO":"BAJO",
        "LAT":"-",
        "LON":"-2.17134283899995."
    },
    {
        "COD.":"182",
        "SUBCATEGORIA":"AGENCIA",
        "NOMBRE DE LA AGENCIA":"MALL EL JARDIN",
        "CATEGORIA":"OFICINA",
        "REGI\u00d3N":"NORTE",
        "CANT\u00d3N":"QUITO",
        "PROVINCIA":"PICHINCHA",
        "RIESGO":"BAJO",
        "LAT":"-",
        "LON":"-0.189575171099847."
    },
    {
        "COD.":"107",
        "SUBCATEGORIA":"AGENCIA",
        "NOMBRE DE LA AGENCIA":"QUICENTRO NORTE",
        "CATEGORIA":"OFICINA",
        "REGI\u00d3N":"NORTE",
        "CANT\u00d3N":"QUITO",
        "PROVINCIA":"PICHINCHA",
        "RIESGO":"BAJO",
        "LAT":"-",
        "LON":"-0.17670531956967997."
    },
    {
        "COD.":"173",
        "SUBCATEGORIA":"AGENCIA",
        "NOMBRE DE LA AGENCIA":"CENTRO COMERCIAL LATACUNGA",
        "CATEGORIA":"OFICINA",
        "REGI\u00d3N":"NORTE",
        "CANT\u00d3N":"LATACUNGA",
        "PROVINCIA":"COTOPAXI",
        "RIESGO":"BAJO",
        "LAT":"-",
        "LON":"-0.927369663212986."
    },
    {
        "COD.":"009",
        "SUBCATEGORIA":"AGENCIA",
        "NOMBRE DE LA AGENCIA":"CCI.",
        "CATEGORIA":"OFICINA",
        "REGI\u00d3N":"NORTE",
        "CANT\u00d3N":"QUITO",
        "PROVINCIA":"PICHINCHA",
        "RIESGO":"BAJO",
        "LAT":"-",
        "LON":"-0.17736768960558616."
    },
    {
        "COD.":"123",
        "SUBCATEGORIA":"AGENCIA",
        "NOMBRE DE LA AGENCIA":"SCALA SHOPPING",
        "CATEGORIA":"OFICINA",
        "REGI\u00d3N":"NORTE",
        "CANT\u00d3N":"QUITO",
        "PROVINCIA":"PICHINCHA",
        "RIESGO":"BAJO",
        "LAT":"-",
        "LON":"-0.207072633073009."
    },
    {
        "COD.":"102",
        "SUBCATEGORIA":"AGENCIA",
        "NOMBRE DE LA AGENCIA":"EL RECREO ",
        "CATEGORIA":"OFICINA",
        "REGI\u00d3N":"NORTE",
        "CANT\u00d3N":"QUITO",
        "PROVINCIA":"PICHINCHA",
        "RIESGO":"BAJO",
        "LAT":"-",
        "LON":"-0.2528502494237232."
    },
    {
        "COD.":"150",
        "SUBCATEGORIA":"AGENCIA",
        "NOMBRE DE LA AGENCIA":"PASEO SHOPPING MANTA",
        "CATEGORIA":"OFICINA",
        "REGI\u00d3N":"CENTRO",
        "CANT\u00d3N":"MANTA",
        "PROVINCIA":"MANABI",
        "RIESGO":"BAJO",
        "LAT":"-",
        "LON":"-0.96610189099992."
    },
    {
        "COD.":"130",
        "SUBCATEGORIA":"AGENCIA",
        "NOMBRE DE LA AGENCIA":"QUICENTRO SUR",
        "CATEGORIA":"OFICINA",
        "REGI\u00d3N":"NORTE",
        "CANT\u00d3N":"QUITO",
        "PROVINCIA":"PICHINCHA",
        "RIESGO":"BAJO",
        "LAT":"-",
        "LON":"-0.28541883892845205."
    },
    {
        "COD.":"081",
        "SUBCATEGORIA":"AGENCIA",
        "NOMBRE DE LA AGENCIA":"EL CONDADO",
        "CATEGORIA":"OFICINA",
        "REGI\u00d3N":"NORTE",
        "CANT\u00d3N":"QUITO",
        "PROVINCIA":"PICHINCHA",
        "RIESGO":"BAJO",
        "LAT":"-",
        "LON":"-0.1025944225470035."
    },
    {
        "COD.":"060",
        "SUBCATEGORIA":"AGENCIA",
        "NOMBRE DE LA AGENCIA":"SAN LUIS",
        "CATEGORIA":"OFICINA",
        "REGI\u00d3N":"NORTE",
        "CANT\u00d3N":"RUMI\u00d1AHUI",
        "PROVINCIA":"PICHINCHA",
        "RIESGO":"BAJO",
        "LAT":"-",
        "LON":"-0.3078583327998932."
    },
    {
        "COD.":"067",
        "SUBCATEGORIA":"AGENCIA",
        "NOMBRE DE LA AGENCIA":"PASEO SAN FRANCISCO ",
        "CATEGORIA":"OFICINA",
        "REGI\u00d3N":"NORTE",
        "CANT\u00d3N":"QUITO",
        "PROVINCIA":"PICHINCHA",
        "RIESGO":"BAJO",
        "LAT":"-",
        "LON":"-0.19887812777460268."
    }
]